qty,qty,qty,qty,qty,qty,qty,task_code,nickname,start,checkout
0.7363636363636363,0.8681818181818182,0.8681818181818182,0.8590909090909091,0.8409090909090909,0.9545454545454546,0.9727272727272728,0.9818181818181818,0.9863636363636363,0.9863636363636363,0.8
0.8837209302325582,0.8744186046511628,0.8837209302325582,0.8697674418604651,0.986046511627907,0.9906976744186047,1.0,0.9906976744186047,1.0,0.9906976744186047,0.7627906976744186
0.8148148148148148,0.8657407407407407,0.8796296296296297,0.875,0.875,0.9814814814814815,0.9675925925925926,0.9861111111111112,0.9861111111111112,0.9907407407407407,0.8055555555555556
0.8110599078341014,0.8709677419354839,0.8709677419354839,0.8571428571428571,0.9723502304147466,0.9815668202764977,0.9493087557603687,0.9861751152073732,0.9124423963133641,1.0,0.7235023041474654
0.8232558139534883,0.8465116279069768,0.8744186046511628,0.8697674418604651,0.8651162790697674,0.9302325581395349,0.9813953488372092,0.9906976744186047,0.9953488372093023,1.0,0.8046511627906977
0.75,0.875,0.875,0.8657407407407407,0.8009259259259259,0.9814814814814815,0.9814814814814815,0.9953703703703703,0.9953703703703703,1.0,0.6805555555555556
0.7870370370370371,0.8611111111111112,0.8703703703703703,0.8703703703703703,0.8703703703703703,1.0,0.9722222222222222,0.9814814814814815,0.9907407407407407,0.9953703703703703,0.9120370370370371
